<?xml version="1.0" encoding="UTF-8"?>
<beans xmlns="http://www.springframework.org/schema/beans"
	xmlns:xsi="http://www.w3.org/2001/XMLSchema-instance"
	xmlns:context="http://www.springframework.org/schema/context"
	xsi:schemaLocation="http://www.springframework.org/schema/beans https://www.springframework.org/schema/beans/spring-beans.xsd
		http://www.springframework.org/schema/context http://www.springframework.org/schema/context/spring-context-3.1.xsd">

	<!-- Root Context: defines shared resources visible to all other web components -->

	<context:component-scan	base-package="com.cafe24.sosang"></context:component-scan>


	<!-- MariaDB DataSource -->
	<bean id="dataSource" class="org.springframework.jdbc.datasource.DriverManagerDataSource">
		<property name="driverClassName" value="org.mariadb.jdbc.Driver"></property>
		<property name="url" value="jdbc:mariadb://localhost:3306/sds10226?serverTimezone=UTC"></property>
		<property name="username" value="sds10226"></property>
		<property name="password" value="thtkd12!@"></property>
	</bean>
	<!-- sds10226.cafe24.com --> <!-- localhost:3306 -->
	<!-- MyBatis SqlSessionFactoryBean -->
	<bean id="sqlSessionFactory" class="org.mybatis.spring.SqlSessionFactoryBean">
		<property name="dataSource" ref="dataSource"></property>
		<property name="configLocation" value="classpath:sql-mapping-config.xml"></property>
	<!-- <property name="mapperLocations" value="classpath:mappings/*mapping.xml"></property> -->	
	</bean>

	<!-- SqlSessionTemplate -->
	<bean id="sqlSessionTemplate" class="org.mybatis.spring.SqlSessionTemplate">
		<constructor-arg name="sqlSessionFactory" ref="sqlSessionFactory"></constructor-arg>
	</bean>
	
	<!-- 메일 보내기 : 아이디/비밀번호 찾기 결과 -->
	<bean id="mailSender" class ="org.springframework.mail.javamail.JavaMailSenderImpl" >
	    <property name="host" value="smtp.gmail.com" />
	    <property name="port" value="587" />
	    <property name="defaultEncoding" value="utf-8"/>
	    <property name="username" value="gangnaminhand@gmail.com" />
	    <property name="password" value="thtkd12!@" />
	    
	    <property name="javaMailProperties">
		    <props>
		        <prop key="mail.smtp.starttls.enable">true</prop>
		        <prop key="mail.smtp.auth">true</prop>
		    </props>
	    </property>
	</bean>
	<bean id="email" class="com.cafe24.sosang.email.Email">
	</bean>
	<bean id="emailSender" class="com.cafe24.sosang.email.EmailSender">
	</bean>

</beans>
